time,energy
2012-01-02 00:15:00,11.6086235489221
2012-01-02 00:30:00,24.8756218905473
2012-01-02 00:45:00,37.3134328358209
2012-01-02 01:00:00,48.0928689883914
2012-01-02 01:15:00,60.7379767827529
2012-01-02 01:30:00,73.1757877280265
2012-01-02 01:45:00,84.5771144278607
2012-01-02 02:00:00,94.7346600331675
2012-01-02 02:15:00,105.099502487562
2012-01-02 02:30:00,114.635157545605
2012-01-02 02:45:00,126.658374792703
2012-01-02 03:00:00,137.437810945274
2012-01-02 03:15:00,145.729684908789
2012-01-02 03:30:00,155.058043117745
2012-01-02 03:45:00,163.142620232172
2012-01-02 04:00:00,173.507462686567
2012-01-02 04:15:00,182.835820895522
2012-01-02 04:30:00,193.615257048093
2012-01-02 04:45:00,204.809286898839
2012-01-02 05:00:00,213.723051409619
2012-01-02 05:15:00,225.124378109453
2012-01-02 05:30:00,236.318407960199
2012-01-02 05:45:00,246.890547263682
2012-01-02 06:00:00,257.462686567164
2012-01-02 06:15:00,268.034825870647
2012-01-02 06:30:00,278.192371475953
2012-01-02 06:45:00,290.422885572139
2012-01-02 07:00:00,300.580431177446
2012-01-02 07:15:00,310.116086235489
2012-01-02 07:30:00,320.066334991708
2012-01-02 07:45:00,330.016583747927
2012-01-02 08:00:00,343.076285240464
2012-01-02 08:15:00,365.464344941957
2012-01-02 08:30:00,391.791044776119
2012-01-02 08:45:00,419.361525704809
2012-01-02 09:00:00,444.237147595357
2012-01-02 09:15:00,468.698175787728
2012-01-02 09:30:00,493.781094527363
2012-01-02 09:45:00,523.63184079602
2012-01-02 10:00:00,549.958540630183
2012-01-02 10:15:00,575.248756218906
2012-01-02 10:30:00,598.051409618574
2012-01-02 10:45:00,621.683250414594
2012-01-02 11:00:00,651.948590381426
2012-01-02 11:15:00,681.177446102819
2012-01-02 11:30:00,708.747927031509
2012-01-02 11:45:00,734.660033167496
2012-01-02 12:00:00,758.291873963516
2012-01-02 12:15:00,782.960199004975
2012-01-02 12:30:00,808.872305140962
2012-01-02 12:45:00,832.918739635158
2012-01-02 13:00:00,851.990049751244
2012-01-02 13:15:00,872.305140961858
2012-01-02 13:30:00,893.034825870647
2012-01-02 13:45:00,917.495854063018
2012-01-02 14:00:00,940.298507462687
2012-01-02 14:15:00,963.930348258707
2012-01-02 14:30:00,990.878938640133
2012-01-02 14:45:00,1018.65671641791
2012-01-02 15:00:00,1048.71475953566
2012-01-02 15:15:00,1074.62686567164
2012-01-02 15:30:00,1100.9535655058
2012-01-02 15:45:00,1128.52404643449
2012-01-02 16:00:00,1156.30182421227
2012-01-02 16:15:00,1182.42122719735
2012-01-02 16:30:00,1208.9552238806
2012-01-02 16:45:00,1234.03814262023
2012-01-02 17:00:00,1257.66998341625
2012-01-02 17:15:00,1283.99668325041
2012-01-02 17:30:00,1309.9087893864
2012-01-02 17:45:00,1335.82089552239
2012-01-02 18:00:00,1360.48922056385
2012-01-02 18:15:00,1383.4991708126
2012-01-02 18:30:00,1406.92371475954
2012-01-02 18:45:00,1429.31177446103
2012-01-02 19:00:00,1447.34660033168
2012-01-02 19:15:00,1463.10116086236
2012-01-02 19:30:00,1478.64842454395
2012-01-02 19:45:00,1492.95190713101
2012-01-02 20:00:00,1505.59701492537
2012-01-02 20:15:00,1518.44941956882
2012-01-02 20:30:00,1532.33830845771
2012-01-02 20:45:00,1546.43449419569
2012-01-02 21:00:00,1558.2504145937
2012-01-02 21:15:00,1572.34660033168
2012-01-02 21:30:00,1587.271973466
2012-01-02 21:45:00,1600.53897180763
2012-01-02 22:00:00,1611.52570480929
2012-01-02 22:15:00,1623.54892205639
2012-01-02 22:30:00,1634.74295190713
2012-01-02 22:45:00,1647.18076285241
2012-01-02 23:00:00,1658.37479270315
2012-01-02 23:15:00,1668.32504145937
2012-01-02 23:30:00,1679.72636815921
2012-01-02 23:45:00,1692.78606965174
2012-01-03 00:00:00,nan
2012-01-03 00:15:00,nan
2012-01-03 00:30:00,1728.23383084577
2012-01-03 00:45:00,1741.08623548922
2012-01-03 01:00:00,1752.69485903814
2012-01-03 01:15:00,1765.75456053068
2012-01-03 01:30:00,1779.43615257048
2012-01-03 01:45:00,1792.08126036484
2012-01-03 02:00:00,1801.82421227197
2012-01-03 02:15:00,1814.05472636816
2012-01-03 02:30:00,1825.24875621891
2012-01-03 02:45:00,1837.271973466
2012-01-03 03:00:00,1848.05140961857
2012-01-03 03:15:00,1856.75787728027
2012-01-03 03:30:00,1867.33001658375
2012-01-03 03:45:00,1877.90215588723
2012-01-03 04:00:00,1887.0232172471
2012-01-03 04:15:00,1896.97346600332
2012-01-03 04:30:00,1908.37479270315
2012-01-03 04:45:00,1919.98341625207
2012-01-03 05:00:00,1929.72636815921
2012-01-03 05:15:00,1941.7495854063
2012-01-03 05:30:00,1953.98009950249
2012-01-03 05:45:00,1966.00331674959
2012-01-03 06:00:00,1977.40464344942
2012-01-03 06:15:00,1988.59867330017
2012-01-03 06:30:00,2001.6583747927
2012-01-03 06:45:00,2015.75456053068
2012-01-03 07:00:00,2029.85074626866
2012-01-03 07:15:00,2045.60530679934
2012-01-03 07:30:00,2061.77446102819
2012-01-03 07:45:00,2075.24875621891
2012-01-03 08:00:00,2090.17412935323
2012-01-03 08:15:00,2111.3184079602
2012-01-03 08:30:00,2138.88888888889
2012-01-03 08:45:00,2171.64179104478
2012-01-03 09:00:00,2202.32172470979
2012-01-03 09:15:00,2234.86733001658
2012-01-03 09:30:00,2268.864013267
2012-01-03 09:45:00,2302.44610281924
2012-01-03 10:00:00,2338.72305140962
2012-01-03 10:15:00,2370.43946932007
2012-01-03 10:30:00,2402.77777777778
2012-01-03 10:45:00,2439.46932006634
2012-01-03 11:00:00,2471.39303482587
2012-01-03 11:15:00,2505.38971807629
2012-01-03 11:30:00,2539.17910447761
2012-01-03 11:45:00,2573.5903814262
2012-01-03 12:00:00,2606.135986733
2012-01-03 12:15:00,2638.47429519071
2012-01-03 12:30:00,2671.2271973466
2012-01-03 12:45:00,2699.21227197347
2012-01-03 13:00:00,2721.18573797678
2012-01-03 13:15:00,2740.25704809287
2012-01-03 13:30:00,2760.98673300166
2012-01-03 13:45:00,2784.41127694859
2012-01-03 14:00:00,2808.66500829188
2012-01-03 14:15:00,2838.10116086236
2012-01-03 14:30:00,2867.12271973466
2012-01-03 14:45:00,2897.59535655058
2012-01-03 15:00:00,2925.99502487562
2012-01-03 15:15:00,2952.1144278607
2012-01-03 15:30:00,2977.40464344942
2012-01-03 15:45:00,3002.07296849088
2012-01-03 16:00:00,3027.98507462687
2012-01-03 16:15:00,3052.86069651742
2012-01-03 16:30:00,3082.08955223881
2012-01-03 16:45:00,3112.14759535655
2012-01-03 17:00:00,3140.33996683251
2012-01-03 17:15:00,3169.5688225539
2012-01-03 17:30:00,3199.00497512438
2012-01-03 17:45:00,3226.99004975125
2012-01-03 18:00:00,3254.76782752902
2012-01-03 18:15:00,3279.43615257048
2012-01-03 18:30:00,3303.0679933665
2012-01-03 18:45:00,3331.67495854063
2012-01-03 19:00:00,3358.00165837479
2012-01-03 19:15:00,3380.38971807629
2012-01-03 19:30:00,3401.32669983416
2012-01-03 19:45:00,3422.05638474295
2012-01-03 20:00:00,3440.50580431178
2012-01-03 20:15:00,3456.05306799337
2012-01-03 20:30:00,3475.33167495854
2012-01-03 20:45:00,3492.33001658375
2012-01-03 21:00:00,3507.04809286899
2012-01-03 21:15:00,3523.83913764511
2012-01-03 21:30:00,3540.21558872305
2012-01-03 21:45:00,3555.14096185738
2012-01-03 22:00:00,3566.12769485904
2012-01-03 22:15:00,3576.07794361526
2012-01-03 22:30:00,3589.1376451078
2012-01-03 22:45:00,3598.46600331675
2012-01-03 23:00:00,3608.41625207297
2012-01-03 23:15:00,3619.61028192372
2012-01-03 23:30:00,3629.14593698176
2012-01-03 23:45:00,3639.09618573798
2012-01-04 00:00:00,nan
2012-01-04 00:15:00,nan
2012-01-04 00:30:00,3673.30016583748
2012-01-04 00:45:00,3685.11608623549
2012-01-04 01:00:00,3696.72470978441
2012-01-04 01:15:00,3708.74792703151
2012-01-04 01:30:00,3721.18573797678
2012-01-04 01:45:00,3733.00165837479
2012-01-04 02:00:00,3742.74461028193
2012-01-04 02:15:00,3752.28026533997
2012-01-04 02:30:00,3764.09618573798
2012-01-04 02:45:00,3774.0464344942
2012-01-04 03:00:00,3783.16749585406
2012-01-04 03:15:00,3793.73963515755
2012-01-04 03:30:00,3802.44610281924
2012-01-04 03:45:00,3809.49419568823
2012-01-04 04:00:00,3819.23714759536
2012-01-04 04:15:00,3828.15091210614
2012-01-04 04:30:00,3838.72305140962
2012-01-04 04:45:00,3849.08789386402
2012-01-04 05:00:00,3858.20895522388
2012-01-04 05:15:00,3868.1592039801
2012-01-04 05:30:00,3879.97512437811
2012-01-04 05:45:00,3891.58374792703
2012-01-04 06:00:00,3901.94859038143
2012-01-04 06:15:00,3913.97180762853
2012-01-04 06:30:00,3926.20232172471
2012-01-04 06:45:00,3937.39635157546
2012-01-04 07:00:00,3949.62686567164
2012-01-04 07:15:00,3963.30845771145
2012-01-04 07:30:00,3974.91708126037
2012-01-04 07:45:00,3984.6600331675
2012-01-04 08:00:00,3999.79270315091
2012-01-04 08:15:00,4026.94859038143
2012-01-04 08:30:00,4063.84742951907
2012-01-04 08:45:00,4098.88059701493
2012-01-04 09:00:00,4131.01160862355
2012-01-04 09:15:00,4165.63018242123
2012-01-04 09:30:00,4201.90713101161
2012-01-04 09:45:00,4238.80597014926
2012-01-04 10:00:00,4276.53399668325
2012-01-04 10:15:00,4310.73797678276
2012-01-04 10:30:00,4345.35655058043
2012-01-04 10:45:00,4379.97512437811
2012-01-04 11:00:00,4412.93532338309
2012-01-04 11:15:00,4445.2736318408
2012-01-04 11:30:00,4480.30679933665
2012-01-04 11:45:00,4515.13266998342
2012-01-04 12:00:00,4549.54394693201
2012-01-04 12:15:00,4579.39469320067
2012-01-04 12:30:00,4608.83084577115
2012-01-04 12:45:00,4635.98673300166
2012-01-04 13:00:00,4657.75290215589
2012-01-04 13:15:00,4678.48258706468
2012-01-04 13:30:00,4701.69983416252
2012-01-04 13:45:00,4727.8192371476
2012-01-04 14:00:00,4758.91376451078
2012-01-04 14:15:00,4794.98341625208
2012-01-04 14:30:00,4829.60199004976
2012-01-04 14:45:00,4863.39137645108
2012-01-04 15:00:00,4896.76616915423
2012-01-04 15:15:00,4930.76285240465
2012-01-04 15:30:00,4962.27197346601
2012-01-04 15:45:00,4994.19568822554
2012-01-04 16:00:00,5022.3880597015
2012-01-04 16:15:00,5048.30016583748
2012-01-04 16:30:00,5077.73631840796
2012-01-04 16:45:00,5107.37976782753
2012-01-04 17:00:00,5135.57213930349
2012-01-04 17:15:00,5161.69154228856
2012-01-04 17:30:00,5186.56716417911
2012-01-04 17:45:00,5213.30845771145
2012-01-04 18:00:00,5241.29353233831
2012-01-04 18:15:00,5267.41293532339
2012-01-04 18:30:00,5291.66666666667
2012-01-04 18:45:00,5318.40796019901
2012-01-04 19:00:00,5341.62520729685
2012-01-04 19:15:00,5363.80597014926
2012-01-04 19:30:00,5384.74295190713
2012-01-04 19:45:00,5405.26533996684
2012-01-04 20:00:00,5425.78772802654
2012-01-04 20:15:00,5447.13930348259
2012-01-04 20:30:00,5468.90547263682
2012-01-04 20:45:00,5487.76948590382
2012-01-04 21:00:00,5503.93864013267
2012-01-04 21:15:00,5523.21724709785
2012-01-04 21:30:00,5539.17910447762
2012-01-04 21:45:00,5554.31177446103
2012-01-04 22:00:00,5566.54228855722
2012-01-04 22:15:00,5579.60199004975
2012-01-04 22:30:00,5594.11276948591
2012-01-04 22:45:00,5605.09950248757
2012-01-04 23:00:00,5617.53731343284
2012-01-04 23:15:00,5629.35323383085
2012-01-04 23:30:00,5641.16915422886
2012-01-04 23:45:00,5652.98507462687
2012-01-05 00:00:00,nan
2012-01-05 00:15:00,nan
2012-01-05 00:30:00,5686.98175787729
2012-01-05 00:45:00,5700.87064676617
2012-01-05 01:00:00,5712.89386401327
2012-01-05 01:15:00,5726.78275290216
2012-01-05 01:30:00,5740.04975124379
2012-01-05 01:45:00,5752.07296849088
2012-01-05 02:00:00,5762.23051409619
2012-01-05 02:15:00,5773.63184079603
2012-01-05 02:30:00,5786.48424543948
2012-01-05 02:45:00,5797.67827529022
2012-01-05 03:00:00,5808.87230514097
2012-01-05 03:15:00,5817.57877280266
2012-01-05 03:30:00,5827.52902155888
2012-01-05 03:45:00,5837.27197346601
2012-01-05 04:00:00,5845.77114427861
2012-01-05 04:15:00,5854.89220563848
2012-01-05 04:30:00,5865.87893864014
2012-01-05 04:45:00,5876.24378109453
2012-01-05 05:00:00,5885.77943615258
2012-01-05 05:15:00,5896.97346600332
2012-01-05 05:30:00,5908.58208955224
2012-01-05 05:45:00,5921.2271973466
2012-01-05 06:00:00,5930.76285240465
2012-01-05 06:15:00,5942.16417910448
2012-01-05 06:30:00,5955.63847429519
2012-01-05 06:45:00,5967.86898839138
2012-01-05 07:00:00,5980.30679933665
2012-01-05 07:15:00,5993.98839137646
2012-01-05 07:30:00,6007.87728026534
2012-01-05 07:45:00,6017.62023217248
2012-01-05 08:00:00,6032.33830845772
2012-01-05 08:15:00,6055.14096185738
2012-01-05 08:30:00,6084.78441127695
2012-01-05 08:45:00,6117.53731343284
2012-01-05 09:00:00,6148.42454394694
2012-01-05 09:15:00,6180.97014925374
2012-01-05 09:30:00,6212.68656716418
2012-01-05 09:45:00,6244.81757877281
2012-01-05 10:00:00,6278.81426202322
2012-01-05 10:15:00,6310.94527363184
2012-01-05 10:30:00,6342.66169154229
2012-01-05 10:45:00,6374.58540630183
2012-01-05 11:00:00,6407.5456053068
2012-01-05 11:15:00,6438.01824212272
2012-01-05 11:30:00,6468.90547263682
2012-01-05 11:45:00,6497.09784411277
2012-01-05 12:00:00,6526.11940298508
2012-01-05 12:15:00,6556.17744610282
2012-01-05 12:30:00,6584.78441127695
2012-01-05 12:45:00,6610.90381426203
2012-01-05 13:00:00,6630.80431177446
2012-01-05 13:15:00,6650.29021558873
2012-01-05 13:30:00,6671.43449419569
2012-01-05 13:45:00,6696.10281923715
2012-01-05 14:00:00,6721.60033167496
2012-01-05 14:15:00,6752.28026533997
2012-01-05 14:30:00,6781.92371475954
2012-01-05 14:45:00,6813.22553897181
2012-01-05 15:00:00,6844.11276948591
2012-01-05 15:15:00,6871.89054726369
2012-01-05 15:30:00,6897.80265339967
2012-01-05 15:45:00,6921.84908789387
2012-01-05 16:00:00,6945.2736318408
2012-01-05 16:15:00,6967.03980099503
2012-01-05 16:30:00,6990.87893864014
2012-01-05 16:45:00,7015.75456053068
2012-01-05 17:00:00,7040.63018242123
2012-01-05 17:15:00,7067.78606965175
2012-01-05 17:30:00,7094.11276948591
2012-01-05 17:45:00,7120.85406301825
2012-01-05 18:00:00,7147.80265339967
2012-01-05 18:15:00,7167.70315091211
2012-01-05 18:30:00,7188.4328358209
2012-01-05 18:45:00,7209.99170812604
2012-01-05 19:00:00,7236.3184079602
2012-01-05 19:15:00,7259.12106135987
2012-01-05 19:30:00,7277.57048092869
2012-01-05 19:45:00,7299.54394693201
2012-01-05 20:00:00,7319.02985074627
2012-01-05 20:15:00,7336.02819237148
2012-01-05 20:30:00,7354.27031509121
2012-01-05 20:45:00,7370.43946932007
2012-01-05 21:00:00,7384.95024875622
2012-01-05 21:15:00,7398.00995024876
2012-01-05 21:30:00,7411.48424543947
2012-01-05 21:45:00,7425.37313432836
2012-01-05 22:00:00,7435.53067993367
2012-01-05 22:15:00,7445.06633499171
2012-01-05 22:30:00,7456.67495854063
2012-01-05 22:45:00,7466.83250414594
2012-01-05 23:00:00,7477.61194029851
2012-01-05 23:15:00,7487.35489220564
2012-01-05 23:30:00,7497.92703150912
2012-01-05 23:45:00,7508.49917081261
2012-01-06 00:00:00,7516.99834162521
2012-01-06 00:15:00,7526.32669983417
2012-01-06 00:30:00,7537.93532338309
2012-01-06 00:45:00,7550.58043117745
2012-01-06 01:00:00,7561.56716417911
2012-01-06 01:15:00,7573.38308457712
2012-01-06 01:30:00,7585.6135986733
2012-01-06 01:45:00,7596.60033167496
2012-01-06 02:00:00,7605.92868988392
2012-01-06 02:15:00,7615.87893864014
2012-01-06 02:30:00,7626.45107794362
2012-01-06 02:45:00,7635.57213930349
2012-01-06 03:00:00,7646.55887230514
2012-01-06 03:15:00,7653.19237147596
2012-01-06 03:30:00,7662.10613598674
2012-01-06 03:45:00,7671.01990049752
2012-01-06 04:00:00,7677.65339966833
2012-01-06 04:15:00,7685.11608623549
2012-01-06 04:30:00,7694.44444444445
2012-01-06 04:45:00,7703.98009950249
2012-01-06 05:00:00,7711.85737976783
2012-01-06 05:15:00,7721.80762852405
2012-01-06 05:30:00,7731.96517412936
2012-01-06 05:45:00,7741.91542288558
2012-01-06 06:00:00,7751.24378109453
2012-01-06 06:15:00,7762.23051409619
2012-01-06 06:30:00,7773.83913764511
2012-01-06 06:45:00,7786.89883913765
2012-01-06 07:00:00,7798.30016583748
2012-01-06 07:15:00,7807.62852404644
2012-01-06 07:30:00,7819.02985074627
2012-01-06 07:45:00,7829.60199004976
2012-01-06 08:00:00,7842.24709784412
2012-01-06 08:15:00,7869.40298507463
2012-01-06 08:30:00,7904.64344941957
2012-01-06 08:45:00,7940.50580431178
2012-01-06 09:00:00,7973.46600331675
2012-01-06 09:15:00,8004.76782752902
2012-01-06 09:30:00,8039.59369817579
2012-01-06 09:45:00,8076.49253731344
2012-01-06 10:00:00,8110.07462686567
2012-01-06 10:15:00,8140.13266998342
2012-01-06 10:30:00,8171.43449419569
2012-01-06 10:45:00,nan
2012-01-06 11:00:00,nan
2012-01-06 11:15:00,nan
2012-01-06 11:30:00,nan
2012-01-06 11:45:00,nan
2012-01-06 12:00:00,nan
2012-01-06 12:15:00,nan
2012-01-06 12:30:00,nan
2012-01-06 12:45:00,nan
2012-01-06 13:00:00,nan
2012-01-06 13:15:00,nan
2012-01-06 13:30:00,nan
2012-01-06 13:45:00,nan
2012-01-06 14:00:00,nan
2012-01-06 14:15:00,nan
2012-01-06 14:30:00,nan
2012-01-06 14:45:00,nan
2012-01-06 15:00:00,nan
2012-01-06 15:15:00,nan
2012-01-06 15:30:00,nan
2012-01-06 15:45:00,nan
2012-01-06 16:00:00,nan
2012-01-06 16:15:00,nan
2012-01-06 16:30:00,nan
2012-01-06 16:45:00,nan
2012-01-06 17:00:00,nan
2012-01-06 17:15:00,nan
2012-01-06 17:30:00,nan
2012-01-06 17:45:00,nan
2012-01-06 18:00:00,nan
2012-01-06 18:15:00,nan
2012-01-06 18:30:00,nan
2012-01-06 18:45:00,nan
2012-01-06 19:00:00,nan
2012-01-06 19:15:00,nan
2012-01-06 19:30:00,nan
2012-01-06 19:45:00,nan
2012-01-06 20:00:00,nan
2012-01-06 20:15:00,nan
2012-01-06 20:30:00,nan
2012-01-06 20:45:00,nan
2012-01-06 21:00:00,nan
2012-01-06 21:15:00,nan
2012-01-06 21:30:00,nan
2012-01-06 21:45:00,nan
2012-01-06 22:00:00,nan
2012-01-06 22:15:00,nan
2012-01-06 22:30:00,nan
2012-01-06 22:45:00,nan
2012-01-06 23:00:00,nan
2012-01-06 23:15:00,nan
2012-01-06 23:30:00,nan
2012-01-06 23:45:00,nan
2012-01-07 00:00:00,nan
2012-01-07 00:15:00,nan
2012-01-07 00:30:00,nan
2012-01-07 00:45:00,nan
2012-01-07 01:00:00,nan
2012-01-07 01:15:00,nan
2012-01-07 01:30:00,nan
2012-01-07 01:45:00,nan
2012-01-07 02:00:00,nan
2012-01-07 02:15:00,nan
2012-01-07 02:30:00,nan
2012-01-07 02:45:00,nan
2012-01-07 03:00:00,nan
2012-01-07 03:15:00,nan
2012-01-07 03:30:00,nan
2012-01-07 03:45:00,nan
2012-01-07 04:00:00,nan
2012-01-07 04:15:00,nan
2012-01-07 04:30:00,nan
2012-01-07 04:45:00,nan
2012-01-07 05:00:00,nan
2012-01-07 05:15:00,nan
2012-01-07 05:30:00,nan
2012-01-07 05:45:00,nan
2012-01-07 06:00:00,nan
2012-01-07 06:15:00,nan
2012-01-07 06:30:00,nan
2012-01-07 06:45:00,nan
2012-01-07 07:00:00,nan
2012-01-07 07:15:00,nan
2012-01-07 07:30:00,nan
2012-01-07 07:45:00,nan
2012-01-07 08:00:00,nan
2012-01-07 08:15:00,nan
2012-01-07 08:30:00,nan
2012-01-07 08:45:00,nan
2012-01-07 09:00:00,nan
2012-01-07 09:15:00,nan
2012-01-07 09:30:00,nan
2012-01-07 09:45:00,nan
2012-01-07 10:00:00,nan
2012-01-07 10:15:00,nan
2012-01-07 10:30:00,nan
2012-01-07 10:45:00,nan
2012-01-07 11:00:00,nan
2012-01-07 11:15:00,nan
2012-01-07 11:30:00,nan
2012-01-07 11:45:00,nan
2012-01-07 12:00:00,nan
2012-01-07 12:15:00,nan
2012-01-07 12:30:00,nan
2012-01-07 12:45:00,nan
2012-01-07 13:00:00,nan
2012-01-07 13:15:00,nan
2012-01-07 13:30:00,nan
2012-01-07 13:45:00,nan
2012-01-07 14:00:00,nan
2012-01-07 14:15:00,nan
2012-01-07 14:30:00,nan
2012-01-07 14:45:00,nan
2012-01-07 15:00:00,nan
2012-01-07 15:15:00,nan
2012-01-07 15:30:00,nan
2012-01-07 15:45:00,nan
2012-01-07 16:00:00,nan
2012-01-07 16:15:00,nan
2012-01-07 16:30:00,nan
2012-01-07 16:45:00,nan
2012-01-07 17:00:00,nan
2012-01-07 17:15:00,nan
2012-01-07 17:30:00,nan
2012-01-07 17:45:00,nan
2012-01-07 18:00:00,nan
2012-01-07 18:15:00,nan
2012-01-07 18:30:00,10120.232172471
2012-01-07 18:45:00,10131.8407960199
2012-01-07 19:00:00,10141.9983416252
2012-01-07 19:15:00,10150.7048092869
2012-01-07 19:30:00,10160.6550580431
2012-01-07 19:45:00,10171.8490878939
2012-01-07 20:00:00,10180.9701492537
2012-01-07 20:15:00,10190.5058043118
2012-01-07 20:30:00,10201.4925373134
2012-01-07 20:45:00,10212.6865671642
2012-01-07 21:00:00,10221.1857379768
2012-01-07 21:15:00,10230.9286898839
2012-01-07 21:30:00,10241.7081260365
2012-01-07 21:45:00,10251.2437810945
2012-01-07 22:00:00,10260.3648424544
2012-01-07 22:15:00,10268.6567164179
2012-01-07 22:30:00,10277.1558872305
2012-01-07 22:45:00,10286.8988391376
2012-01-07 23:00:00,10295.1907131012
2012-01-07 23:15:00,10302.4461028192
2012-01-07 23:30:00,10311.7744610282
2012-01-07 23:45:00,10320.8955223881
2012-01-08 00:00:00,10329.8092868988
2012-01-08 00:15:00,10338.1011608624
2012-01-08 00:30:00,10349.2951907131
2012-01-08 00:45:00,10361.1111111111
2012-01-08 01:00:00,10369.8175787728
2012-01-08 01:15:00,10381.4262023217
2012-01-08 01:30:00,10391.9983416252
2012-01-08 01:45:00,10402.1558872305
2012-01-08 02:00:00,10411.4842454395
2012-01-08 02:15:00,10420.8126036484
2012-01-08 02:30:00,10429.7263681592
2012-01-08 02:45:00,10440.5058043118
2012-01-08 03:00:00,10449.8341625207
2012-01-08 03:15:00,10455.4311774461
2012-01-08 03:30:00,10463.9303482587
2012-01-08 03:45:00,10472.0149253731
2012-01-08 04:00:00,10479.0630182421
2012-01-08 04:15:00,10487.3548922056
2012-01-08 04:30:00,10496.0613598673
2012-01-08 04:45:00,10505.1824212272
2012-01-08 05:00:00,10512.4378109453
2012-01-08 05:15:00,10521.7661691542
2012-01-08 05:30:00,10531.5091210614
2012-01-08 05:45:00,10540.6301824212
2012-01-08 06:00:00,10549.7512437811
2012-01-08 06:15:00,10557.6285240464
2012-01-08 06:30:00,10566.9568822554
2012-01-08 06:45:00,10578.9800995025
2012-01-08 07:00:00,10587.8938640133
2012-01-08 07:15:00,10596.1857379768
2012-01-08 07:30:00,10606.5505804312
2012-01-08 07:45:00,10614.6351575456
2012-01-08 08:00:00,10623.3416252073
2012-01-08 08:15:00,10632.048092869
2012-01-08 08:30:00,10641.583747927
2012-01-08 08:45:00,10652.1558872305
2012-01-08 09:00:00,10659.6185737977
2012-01-08 09:15:00,10668.7396351575
2012-01-08 09:30:00,10678.6898839138
2012-01-08 09:45:00,10686.1525704809
2012-01-08 10:00:00,10694.2371475954
2012-01-08 10:15:00,10700.6633499171
2012-01-08 10:30:00,10707.2968490879
2012-01-08 10:45:00,10716.0033167496
2012-01-08 11:00:00,10724.2951907131
2012-01-08 11:15:00,10730.7213930348
2012-01-08 11:30:00,10738.5986733002
2012-01-08 11:45:00,10746.0613598673
2012-01-08 12:00:00,10753.5240464345
2012-01-08 12:15:00,10759.7429519071
2012-01-08 12:30:00,10768.6567164179
2012-01-08 12:45:00,10778.8142620232
2012-01-08 13:00:00,10786.4842454395
2012-01-08 13:15:00,10796.2271973466
2012-01-08 13:30:00,10805.1409618574
2012-01-08 13:45:00,10812.8109452736
2012-01-08 14:00:00,10822.3466003317
2012-01-08 14:15:00,10829.8092868988
2012-01-08 14:30:00,10836.4427860697
2012-01-08 14:45:00,10844.9419568823
2012-01-08 15:00:00,10851.9900497512
2012-01-08 15:15:00,10857.3797678275
2012-01-08 15:30:00,10864.8424543947
2012-01-08 15:45:00,10872.71973466
2012-01-08 16:00:00,10879.9751243781
2012-01-08 16:15:00,10889.3034825871
2012-01-08 16:30:00,10898.2172470978
2012-01-08 16:45:00,10906.5091210614
2012-01-08 17:00:00,10914.5936981758
2012-01-08 17:15:00,10923.7147595357
2012-01-08 17:30:00,10932.2139303483
2012-01-08 17:45:00,10940.5058043118
2012-01-08 18:00:00,10948.7976782753
2012-01-08 18:15:00,10956.4676616915
2012-01-08 18:30:00,10965.5887230514
2012-01-08 18:45:00,10977.1973466003
2012-01-08 19:00:00,10985.4892205638
2012-01-08 19:15:00,10992.951907131
2012-01-08 19:30:00,11002.4875621891
2012-01-08 19:45:00,11011.6086235489
2012-01-08 20:00:00,11020.3150912106
2012-01-08 20:15:00,11030.0580431177
2012-01-08 20:30:00,11040.6301824212
2012-01-08 20:45:00,11051.4096185738
2012-01-08 21:00:00,11060.1160862355
2012-01-08 21:15:00,11070.4809286899
2012-01-08 21:30:00,11080.4311774461
2012-01-08 21:45:00,11089.552238806
2012-01-08 22:00:00,11097.8441127695
2012-01-08 22:15:00,11106.135986733
2012-01-08 22:30:00,11114.0132669983
2012-01-08 22:45:00,11123.9635157546
2012-01-08 23:00:00,11131.8407960199
2012-01-08 23:15:00,11138.6815920398
2012-01-08 23:30:00,11147.8026533997
2012-01-08 23:45:00,11156.5091210614
2012-01-09 00:00:00,11164.8009950249
2012-01-09 00:15:00,11173.3001658375
2012-01-09 00:30:00,11185.1160862355
2012-01-09 00:45:00,11196.5174129353
2012-01-09 01:00:00,11205.223880597
2012-01-09 01:15:00,11216.2106135987
2012-01-09 01:30:00,11225.7462686567
2012-01-09 01:45:00,11234.8673300166
2012-01-09 02:00:00,11245.0248756219
2012-01-09 02:15:00,11253.1094527363
2012-01-09 02:30:00,11262.6451077944
2012-01-09 02:45:00,11272.5953565506
2012-01-09 03:00:00,11279.4361525705
2012-01-09 03:15:00,11286.0696517413
2012-01-09 03:30:00,11293.7396351575
2012-01-09 03:45:00,11301.2023217247
2012-01-09 04:00:00,11308.2504145937
2012-01-09 04:15:00,11314.6766169154
2012-01-09 04:30:00,11322.9684908789
2012-01-09 04:45:00,11332.0895522388
2012-01-09 05:00:00,11339.3449419569
2012-01-09 05:15:00,11348.4660033167
2012-01-09 05:30:00,11356.9651741293
2012-01-09 05:45:00,11365.0497512438
2012-01-09 06:00:00,11373.7562189055
2012-01-09 06:15:00,11382.2553897181
2012-01-09 06:30:00,11392.2056384743
2012-01-09 06:45:00,11404.8507462687
2012-01-09 07:00:00,11415.215588723
2012-01-09 07:15:00,11424.1293532338
2012-01-09 07:30:00,11436.9817578773
2012-01-09 07:45:00,11446.5174129353
2012-01-09 08:00:00,11458.7479270315
2012-01-09 08:15:00,11484.6600331675
2012-01-09 08:30:00,11511.4013266998
2012-01-09 08:45:00,11544.5688225539
2012-01-09 09:00:00,11574.4195688226
2012-01-09 09:15:00,11604.8922056385
2012-01-09 09:30:00,11633.9137645108
2012-01-09 09:45:00,11662.728026534
2012-01-09 10:00:00,11693.8225538972
2012-01-09 10:15:00,11723.8805970149
2012-01-09 10:30:00,11754.1459369818
2012-01-09 10:45:00,11785.447761194
2012-01-09 11:00:00,11819.6517412935
2012-01-09 11:15:00,11854.6849087894
2012-01-09 11:30:00,11882.048092869
2012-01-09 11:45:00,11911.0696517413
2012-01-09 12:00:00,11938.0182421227
2012-01-09 12:15:00,11965.3814262023
2012-01-09 12:30:00,11991.9154228856
2012-01-09 12:45:00,12015.5472636816
2012-01-09 13:00:00,12033.9966832504
2012-01-09 13:15:00,12052.2388059702
2012-01-09 13:30:00,12072.7611940299
2012-01-09 13:45:00,12094.5273631841
2012-01-09 14:00:00,12120.4394693201
2012-01-09 14:15:00,12149.2537313433
2012-01-09 14:30:00,12175.7877280265
2012-01-09 14:45:00,12202.5290215589
2012-01-09 15:00:00,12231.135986733
2012-01-09 15:15:00,12260.1575456053
2012-01-09 15:30:00,12284.6185737977
2012-01-09 15:45:00,12307.6285240464
2012-01-09 16:00:00,12328.7728026534
2012-01-09 16:15:00,12350.7462686567
2012-01-09 16:30:00,12374.7927031509
2012-01-09 16:45:00,12398.4245439469
2012-01-09 17:00:00,12420.6053067993
2012-01-09 17:15:00,12444.4444444444
2012-01-09 17:30:00,12469.5273631841
2012-01-09 17:45:00,12495.0248756219
2012-01-09 18:00:00,12519.0713101161
2012-01-09 18:15:00,12540.2155887231
2012-01-09 18:30:00,12558.4577114428
2012-01-09 18:45:00,12579.3946932007
2012-01-09 19:00:00,12599.087893864
2012-01-09 19:15:00,12617.3300165838
2012-01-09 19:30:00,12632.048092869
2012-01-09 19:45:00,12650.0829187396
2012-01-09 20:00:00,12666.6666666667
2012-01-09 20:15:00,12679.7263681592
2012-01-09 20:30:00,12695.2736318408
2012-01-09 20:45:00,12708.3333333333
2012-01-09 21:00:00,12718.4908789386
2012-01-09 21:15:00,12731.7578772803
2012-01-09 21:30:00,12743.9883913765
2012-01-09 21:45:00,12756.6334991708
2012-01-09 22:00:00,12767.6202321725
2012-01-09 22:15:00,12777.1558872305
2012-01-09 22:30:00,12787.3134328358
2012-01-09 22:45:00,12798.3001658375
2012-01-09 23:00:00,12808.2504145937
2012-01-09 23:15:00,12816.3349917081
2012-01-09 23:30:00,12826.4925373134
2012-01-09 23:45:00,12836.6500829187
2012-01-10 00:00:00,12844.5273631841
2012-01-10 00:15:00,12854.2703150912
2012-01-10 00:30:00,12865.464344942
2012-01-10 00:45:00,12877.0729684909
2012-01-10 01:00:00,12886.815920398
2012-01-10 01:15:00,12898.631840796
2012-01-10 01:30:00,12909.8258706468
2012-01-10 01:45:00,12920.8126036484
2012-01-10 02:00:00,12930.3482587065
2012-01-10 02:15:00,12939.4693200663
2012-01-10 02:30:00,12949.4195688226
2012-01-10 02:45:00,12959.784411277
2012-01-10 03:00:00,12968.2835820896
2012-01-10 03:15:00,12975.7462686567
2012-01-10 03:30:00,12983.416252073
2012-01-10 03:45:00,12991.7081260365
2012-01-10 04:00:00,12997.9270315091
2012-01-10 04:15:00,13005.1824212272
2012-01-10 04:30:00,13014.5107794362
2012-01-10 04:45:00,13023.2172470979
2012-01-10 05:00:00,13030.2653399668
2012-01-10 05:15:00,13039.3864013267
2012-01-10 05:30:00,13048.7147595357
2012-01-10 05:45:00,13057.8358208955
2012-01-10 06:00:00,13065.92039801
2012-01-10 06:15:00,13075.6633499171
2012-01-10 06:30:00,13085.6135986733
2012-01-10 06:45:00,13097.2222222222
2012-01-10 07:00:00,13107.3797678275
2012-01-10 07:15:00,13117.3300165838
2012-01-10 07:30:00,13129.1459369818
2012-01-10 07:45:00,13141.7910447761
2012-01-10 08:00:00,13157.3383084577
2012-01-10 08:15:00,13183.6650082919
2012-01-10 08:30:00,13212.6865671642
2012-01-10 08:45:00,13245.0248756219
2012-01-10 09:00:00,13277.3631840796
2012-01-10 09:15:00,13309.4941956882
2012-01-10 09:30:00,13343.0762852405
2012-01-10 09:45:00,13375.6218905473
2012-01-10 10:00:00,13406.9237147595
2012-01-10 10:15:00,13438.0182421227
2012-01-10 10:30:00,13469.5273631841
2012-01-10 10:45:00,13500.6218905473
2012-01-10 11:00:00,13532.5456053068
2012-01-10 11:15:00,13561.5671641791
2012-01-10 11:30:00,13592.6616915423
2012-01-10 11:45:00,13622.0978441128
2012-01-10 12:00:00,13652.5704809287
2012-01-10 12:15:00,13682.4212271974
2012-01-10 12:30:00,13708.5406301824
2012-01-10 12:45:00,13730.9286898839
2012-01-10 13:00:00,13748.7562189055
2012-01-10 13:15:00,13768.2421227197
2012-01-10 13:30:00,13788.1426202322
2012-01-10 13:45:00,13810.5306799337
2012-01-10 14:00:00,13833.3333333333
2012-01-10 14:15:00,13865.2570480929
2012-01-10 14:30:00,13896.3515754561
2012-01-10 14:45:00,13926.2023217247
2012-01-10 15:00:00,13955.4311774461
2012-01-10 15:15:00,13986.9402985075
2012-01-10 15:30:00,14013.6815920398
2012-01-10 15:45:00,14039.1791044776
2012-01-10 16:00:00,14067.1641791045
2012-01-10 16:15:00,14095.7711442786
2012-01-10 16:30:00,14124.3781094527
2012-01-10 16:45:00,14151.1194029851
2012-01-10 17:00:00,14176.4096185738
2012-01-10 17:15:00,14202.736318408
2012-01-10 17:30:00,14229.0630182421
2012-01-10 17:45:00,14257.4626865672
2012-01-10 18:00:00,14282.960199005
2012-01-10 18:15:00,14304.9336650083
2012-01-10 18:30:00,14324.8341625207
2012-01-10 18:45:00,14347.8441127695
2012-01-10 19:00:00,14373.5489220564
2012-01-10 19:15:00,14397.3880597015
2012-01-10 19:30:00,14416.0447761194
2012-01-10 19:45:00,14434.2868988391
2012-01-10 20:00:00,14451.0779436153
2012-01-10 20:15:00,14466.6252072969
2012-01-10 20:30:00,14483.6235489221
2012-01-10 20:45:00,14497.71973466
2012-01-10 21:00:00,14508.0845771144
2012-01-10 21:15:00,14519.6932006634
2012-01-10 21:30:00,14531.3018242123
2012-01-10 21:45:00,14542.7031509121
2012-01-10 22:00:00,14552.0315091211
2012-01-10 22:15:00,14561.5671641791
2012-01-10 22:30:00,14570.8955223881
2012-01-10 22:45:00,14580.0165837479
2012-01-10 23:00:00,14589.3449419569
2012-01-10 23:15:00,14597.4295190713
2012-01-10 23:30:00,14605.3067993367
2012-01-10 23:45:00,14615.464344942
2012-01-11 00:00:00,14624.3781094527
2012-01-11 00:15:00,14633.2918739635
2012-01-11 00:30:00,14642.8275290216
2012-01-11 00:45:00,14653.6069651741
2012-01-11 01:00:00,14663.1426202322
2012-01-11 01:15:00,14673.7147595357
2012-01-11 01:30:00,14685.5306799337
2012-01-11 01:45:00,14695.688225539
2012-01-11 02:00:00,14703.9800995025
2012-01-11 02:15:00,14712.6865671642
2012-01-11 02:30:00,14722.2222222222
2012-01-11 02:45:00,14731.3432835821
2012-01-11 03:00:00,14740.464344942
2012-01-11 03:15:00,14747.0978441128
2012-01-11 03:30:00,14753.9386401327
2012-01-11 03:45:00,14762.4378109453
2012-01-11 04:00:00,14770.3150912106
2012-01-11 04:15:00,14777.1558872305
2012-01-11 04:30:00,14785.8623548922
2012-01-11 04:45:00,14794.3615257048
2012-01-11 05:00:00,14801.824212272
2012-01-11 05:15:00,14810.5306799337
2012-01-11 05:30:00,14820.0663349917
2012-01-11 05:45:00,14829.8092868988
2012-01-11 06:00:00,14837.4792703151
2012-01-11 06:15:00,14846.3930348259
2012-01-11 06:30:00,14857.1724709784
2012-01-11 06:45:00,14866.9154228856
2012-01-11 07:00:00,14878.7313432836
2012-01-11 07:15:00,14889.096185738
2012-01-11 07:30:00,14900.7048092869
2012-01-11 07:45:00,14911.8988391377
2012-01-11 08:00:00,14927.8606965174
2012-01-11 08:15:00,14947.3466003317
2012-01-11 08:30:00,14970.9784411277
2012-01-11 08:45:00,15002.0729684909
2012-01-11 09:00:00,15034.6185737977
2012-01-11 09:15:00,15064.6766169154
2012-01-11 09:30:00,15096.8076285241
2012-01-11 09:45:00,15128.5240464345
2012-01-11 10:00:00,15159.2039800995
2012-01-11 10:15:00,15189.0547263682
2012-01-11 10:30:00,15223.0514096186
2012-01-11 10:45:00,15258.0845771144
2012-01-11 11:00:00,15288.3499170813
2012-01-11 11:15:00,15319.2371475954
2012-01-11 11:30:00,15350.9535655058
2012-01-11 11:45:00,15383.4991708126
2012-01-11 12:00:00,15414.1791044776
2012-01-11 12:15:00,15443.2006633499
2012-01-11 12:30:00,15473.2587064677
2012-01-11 12:45:00,15500.8291873964
2012-01-11 13:00:00,15520.5223880597
2012-01-11 13:15:00,15541.4593698176
2012-01-11 13:30:00,15562.6036484246
2012-01-11 13:45:00,15587.6865671642
2012-01-11 14:00:00,15610.6965174129
2012-01-11 14:15:00,15639.3034825871
2012-01-11 14:30:00,15668.9469320066
2012-01-11 14:45:00,15696.3101160862
2012-01-11 15:00:00,15724.5024875622
2012-01-11 15:15:00,15756.2189054726
2012-01-11 15:30:00,15784.2039800995
2012-01-11 15:45:00,15808.2504145937
2012-01-11 16:00:00,15831.6749585406
2012-01-11 16:15:00,15854.0630182421
2012-01-11 16:30:00,15879.1459369818
2012-01-11 16:45:00,15904.6434494196
2012-01-11 17:00:00,15928.8971807629
2012-01-11 17:15:00,15958.9552238806
2012-01-11 17:30:00,15986.5257048093
2012-01-11 17:45:00,16012.6451077944
2012-01-11 18:00:00,16036.4842454395
2012-01-11 18:15:00,16057.6285240464
2012-01-11 18:30:00,16076.4925373134
2012-01-11 18:45:00,16098.8805970149
2012-01-11 19:00:00,16122.3051409619
2012-01-11 19:15:00,16140.7545605307
2012-01-11 19:30:00,16158.9966832504
2012-01-11 19:45:00,16177.4461028192
2012-01-11 20:00:00,16192.3714759536
2012-01-11 20:15:00,16208.5406301824
2012-01-11 20:30:00,16227.4046434494
2012-01-11 20:45:00,16243.5737976783
2012-01-11 21:00:00,16256.4262023217
2012-01-11 21:15:00,16269.9004975124
2012-01-11 21:30:00,16283.5820895522
2012-01-11 21:45:00,16297.056384743
2012-01-11 22:00:00,16308.2504145937
2012-01-11 22:15:00,16320.8955223881
2012-01-11 22:30:00,16332.7114427861
2012-01-11 22:45:00,16344.1127694859
2012-01-11 23:00:00,16355.7213930348
2012-01-11 23:15:00,16365.8789386401
2012-01-11 23:30:00,16377.4875621891
2012-01-11 23:45:00,16388.8888888889
2012-01-12 00:00:00,16402.1558872305
2012-01-12 00:15:00,16416.2520729685
2012-01-12 00:30:00,16432.0066334992
2012-01-12 00:45:00,16448.7976782753
2012-01-12 01:00:00,16463.3084577115
2012-01-12 01:15:00,16478.855721393
2012-01-12 01:30:00,16495.0248756219
2012-01-12 01:45:00,16509.9502487562
2012-01-12 02:00:00,16523.8391376451
2012-01-12 02:15:00,16537.9353233831
2012-01-12 02:30:00,16552.0315091211
2012-01-12 02:45:00,16566.5422885572
2012-01-12 03:00:00,16580.223880597
2012-01-12 03:15:00,16591.8325041459
2012-01-12 03:30:00,16604.4776119403
2012-01-12 03:45:00,16617.5373134328
2012-01-12 04:00:00,16628.3167495854
2012-01-12 04:15:00,16639.9253731343
2012-01-12 04:30:00,16652.9850746269
2012-01-12 04:45:00,16666.2520729685
2012-01-12 05:00:00,16678.2752902156
2012-01-12 05:15:00,16691.9568822554
2012-01-12 05:30:00,16705.223880597
2012-01-12 05:45:00,16718.9054726368
2012-01-12 06:00:00,16731.7578772803
2012-01-12 06:15:00,16746.6832504146
2012-01-12 06:30:00,16762.4378109453
2012-01-12 06:45:00,16778.8142620232
2012-01-12 07:00:00,16792.9104477612
2012-01-12 07:15:00,16805.9701492537
2012-01-12 07:30:00,16819.2371475954
2012-01-12 07:45:00,16828.9800995025
2012-01-12 08:00:00,16845.5638474295
2012-01-12 08:15:00,16865.2570480929
2012-01-12 08:30:00,16889.096185738
2012-01-12 08:45:00,16918.1177446103
2012-01-12 09:00:00,16949.4195688226
2012-01-12 09:15:00,16983.8308457711
2012-01-12 09:30:00,17015.1326699834
2012-01-12 09:45:00,17045.6053067993
2012-01-12 10:00:00,17075.8706467662
2012-01-12 10:15:00,17104.4776119403
2012-01-12 10:30:00,17137.0232172471
2012-01-12 10:45:00,17166.8739635158
2012-01-12 11:00:00,17197.1393034826
2012-01-12 11:15:00,17229.0630182421
2012-01-12 11:30:00,17258.0845771144
2012-01-12 11:45:00,17285.447761194
2012-01-12 12:00:00,17314.8839137645
2012-01-12 12:15:00,17341.4179104478
2012-01-12 12:30:00,17366.7081260365
2012-01-12 12:45:00,17389.7180762852
2012-01-12 13:00:00,17409.4112769486
2012-01-12 13:15:00,17430.9701492537
2012-01-12 13:30:00,17451.6998341625
2012-01-12 13:45:00,17473.8805970149
2012-01-12 14:00:00,17495.232172471
2012-01-12 14:15:00,17522.5953565506
2012-01-12 14:30:00,17551.4096185738
2012-01-12 14:45:00,17578.5655058043
2012-01-12 15:00:00,17605.0995024876
2012-01-12 15:15:00,17637.0232172471
2012-01-12 15:30:00,17664.1791044776
2012-01-12 15:45:00,17688.0182421227
2012-01-12 16:00:00,17711.4427860697
2012-01-12 16:15:00,17736.9402985075
2012-01-12 16:30:00,17763.6815920398
2012-01-12 16:45:00,17789.8009950249
2012-01-12 17:00:00,17816.5422885572
2012-01-12 17:15:00,17844.9419568823
2012-01-12 17:30:00,17876.4510779436
2012-01-12 17:45:00,17904.4361525705
2012-01-12 18:00:00,17932.2139303483
2012-01-12 18:15:00,17959.7844112769
2012-01-12 18:30:00,17984.6600331675
2012-01-12 18:45:00,18012.0232172471
2012-01-12 19:00:00,18039.8009950249
2012-01-12 19:15:00,18063.0182421227
2012-01-12 19:30:00,18080.8457711443
2012-01-12 19:45:00,18100.1243781095
2012-01-12 20:00:00,18120.6467661691
2012-01-12 20:15:00,18137.2305140962
2012-01-12 20:30:00,18153.8142620232
2012-01-12 20:45:00,18167.495854063
2012-01-12 21:00:00,18179.1044776119
2012-01-12 21:15:00,18192.1641791045
2012-01-12 21:30:00,18205.223880597
2012-01-12 21:45:00,18219.1127694859
2012-01-12 22:00:00,18229.6849087894
2012-01-12 22:15:00,18241.2935323383
2012-01-12 22:30:00,18253.7313432836
2012-01-12 22:45:00,18263.4742951907
2012-01-12 23:00:00,18272.3880597015
2012-01-12 23:15:00,18282.1310116086
2012-01-12 23:30:00,18292.0812603648
2012-01-12 23:45:00,18301.4096185738
2012-01-13 00:00:00,18310.3233830846
2012-01-13 00:15:00,18319.2371475954
2012-01-13 00:30:00,18330.6384742952
2012-01-13 00:45:00,18345.7711442786
2012-01-13 01:00:00,18356.5505804312
2012-01-13 01:15:00,18368.3665008292
2012-01-13 01:30:00,18379.9751243781
2012-01-13 01:45:00,18390.9618573798
2012-01-13 02:00:00,18399.4610281924
2012-01-13 02:15:00,18408.7893864013
2012-01-13 02:30:00,18419.3615257048
2012-01-13 02:45:00,18428.4825870647
2012-01-13 03:00:00,18437.1890547264
2012-01-13 03:15:00,18448.3830845771
2012-01-13 03:30:00,18456.2603648425
2012-01-13 03:45:00,18464.7595356551
2012-01-13 04:00:00,18471.1857379768
2012-01-13 04:15:00,18478.855721393
2012-01-13 04:30:00,18488.3913764511
2012-01-13 04:45:00,18497.0978441128
2012-01-13 05:00:00,18505.3897180763
2012-01-13 05:15:00,nan
2012-01-13 05:30:00,18526.9485903814
2012-01-13 05:45:00,18537.9353233831
2012-01-13 06:00:00,18545.8126036484
2012-01-13 06:15:00,18554.7263681592
2012-01-13 06:30:00,18566.7495854063
2012-01-13 06:45:00,18577.5290215589
2012-01-13 07:00:00,18588.7230514096
2012-01-13 07:15:00,18602.1973466003
2012-01-13 07:30:00,18612.7694859038
2012-01-13 07:45:00,18625
2012-01-13 08:00:00,18644.9004975124
2012-01-13 08:15:00,18664.1791044776
2012-01-13 08:30:00,18689.8839137645
2012-01-13 08:45:00,18720.3565505804
2012-01-13 09:00:00,18751.0364842454
2012-01-13 09:15:00,18782.5456053068
2012-01-13 09:30:00,18817.5787728027
2012-01-13 09:45:00,18853.2338308458
2012-01-13 10:00:00,18888.4742951907
2012-01-13 10:15:00,18924.9585406302
2012-01-13 10:30:00,18960.8208955224
2012-01-13 10:45:00,18998.1343283582
2012-01-13 11:00:00,19031.7164179104
2012-01-13 11:15:00,19063.2255389718
2012-01-13 11:30:00,19095.7711442786
2012-01-13 11:45:00,19126.6583747927
2012-01-13 12:00:00,19156.7164179104
2012-01-13 12:15:00,19186.5671641791
2012-01-13 12:30:00,19217.8689883914
2012-01-13 12:45:00,19245.6467661691
2012-01-13 13:00:00,19268.0348258706
2012-01-13 13:15:00,19290.4228855721
2012-01-13 13:30:00,19312.6036484245
2012-01-13 13:45:00,19338.7230514096
2012-01-13 14:00:00,19361.3184079602
2012-01-13 14:15:00,19389.096185738
2012-01-13 14:30:00,19418.5323383085
2012-01-13 14:45:00,19448.175787728
2012-01-13 15:00:00,19481.3432835821
2012-01-13 15:15:00,19513.8888888889
2012-01-13 15:30:00,19542.2885572139
2012-01-13 15:45:00,19567.9933665008
2012-01-13 16:00:00,19594.7346600332
2012-01-13 16:15:00,19621.2686567164
2012-01-13 16:30:00,19648.8391376451
2012-01-13 16:45:00,19675.7877280265
2012-01-13 17:00:00,19700.8706467662
2012-01-13 17:15:00,19729.0630182421
2012-01-13 17:30:00,19756.4262023217
2012-01-13 17:45:00,19782.1310116086
2012-01-13 18:00:00,19808.6650082919
2012-01-13 18:15:00,19831.8822553897
2012-01-13 18:30:00,19858.2089552239
2012-01-13 18:45:00,19889.5107794361
2012-01-13 19:00:00,19918.1177446103
2012-01-13 19:15:00,19941.7495854063
2012-01-13 19:30:00,19963.5157545605
2012-01-13 19:45:00,19981.135986733
2012-01-13 20:00:00,19999.1708126036
2012-01-13 20:15:00,20018.0348258706
2012-01-13 20:30:00,20035.6550580431
2012-01-13 20:45:00,20050.9950248756
2012-01-13 21:00:00,20063.8474295191
2012-01-13 21:15:00,20079.6019900497
2012-01-13 21:30:00,20095.3565505804
2012-01-13 21:45:00,20110.0746268657
2012-01-13 22:00:00,20124.3781094527
2012-01-13 22:15:00,20136.6086235489
2012-01-13 22:30:00,20148.0099502487
2012-01-13 22:45:00,20161.2769485904
2012-01-13 23:00:00,20173.9220563847
2012-01-13 23:15:00,20185.9452736318
2012-01-13 23:30:00,20198.5903814262
2012-01-13 23:45:00,20208.5406301824
2012-01-14 00:00:00,20221.807628524
2012-01-14 00:15:00,20235.0746268657
2012-01-14 00:30:00,20248.1343283582
2012-01-14 00:45:00,20262.6451077943
2012-01-14 01:00:00,20271.351575456
2012-01-14 01:15:00,20282.5456053068
2012-01-14 01:30:00,20293.3250414594
2012-01-14 01:45:00,20302.2388059701
2012-01-14 02:00:00,20312.6036484245
2012-01-14 02:15:00,20321.1028192371
2012-01-14 02:30:00,20328.3582089552
2012-01-14 02:45:00,20338.9303482587
2012-01-14 03:00:00,20347.4295190713
2012-01-14 03:15:00,20354.0630182421
2012-01-14 03:30:00,20361.3184079602
2012-01-14 03:45:00,20367.3300165837
2012-01-14 04:00:00,20375.8291873963
2012-01-14 04:15:00,20383.7064676617
2012-01-14 04:30:00,20392.4129353234
2012-01-14 04:45:00,20401.5339966832
2012-01-14 05:00:00,20408.7893864013
2012-01-14 05:15:00,20417.2885572139
2012-01-14 05:30:00,20426.2023217247
2012-01-14 05:45:00,20434.7014925373
2012-01-14 06:00:00,20443.2006633499
2012-01-14 06:15:00,20451.6998341625
2012-01-14 06:30:00,20461.2354892206
2012-01-14 06:45:00,20473.4660033167
2012-01-14 07:00:00,20486.1111111111
2012-01-14 07:15:00,20499.7927031509
2012-01-14 07:30:00,20513.6815920398
2012-01-14 07:45:00,20526.3266998342
2012-01-14 08:00:00,20540.8374792703
2012-01-14 08:15:00,20554.311774461
2012-01-14 08:30:00,20567.7860696517
2012-01-14 08:45:00,20582.2968490879
2012-01-14 09:00:00,20594.1127694859
2012-01-14 09:15:00,20607.7943615257
2012-01-14 09:30:00,20621.8905472637
2012-01-14 09:45:00,20634.535655058
2012-01-14 10:00:00,20648.631840796
2012-01-14 10:15:00,20660.447761194
2012-01-14 10:30:00,20673.3001658375
2012-01-14 10:45:00,20688.0182421227
2012-01-14 11:00:00,20701.9071310116
2012-01-14 11:15:00,20713.9303482587
2012-01-14 11:30:00,20725.9535655058
2012-01-14 11:45:00,20738.3913764511
2012-01-14 12:00:00,20750.8291873963
2012-01-14 12:15:00,20762.6451077944
2012-01-14 12:30:00,20776.5339966832
2012-01-14 12:45:00,20788.5572139303
2012-01-14 13:00:00,20796.4344941957
2012-01-14 13:15:00,20806.592039801
2012-01-14 13:30:00,20815.7131011609
2012-01-14 13:45:00,20824.0049751244
2012-01-14 14:00:00,20831.4676616915
2012-01-14 14:15:00,20838.3084577114
2012-01-14 14:30:00,20844.5273631841
2012-01-14 14:45:00,20852.4046434494
2012-01-14 15:00:00,20860.6965174129
2012-01-14 15:15:00,20866.5008291874
2012-01-14 15:30:00,20874.1708126036
2012-01-14 15:45:00,20881.2189054726
2012-01-14 16:00:00,20889.5107794361
2012-01-14 16:15:00,20898.631840796
2012-01-14 16:30:00,20907.5456053068
2012-01-14 16:45:00,20916.4593698176
2012-01-14 17:00:00,20924.1293532338
2012-01-14 17:15:00,20933.6650082919
2012-01-14 17:30:00,20942.5787728027
2012-01-14 17:45:00,20951.4925373134
2012-01-14 18:00:00,20959.991708126
2012-01-14 18:15:00,20969.1127694859
2012-01-14 18:30:00,20979.0630182421
2012-01-14 18:45:00,20990.2570480929
2012-01-14 19:00:00,21000.6218905473
2012-01-14 19:15:00,21009.7429519071
2012-01-14 19:30:00,21018.4494195688
2012-01-14 19:45:00,21027.5704809287
2012-01-14 20:00:00,21036.0696517413
2012-01-14 20:15:00,21046.0199004975
2012-01-14 20:30:00,21055.5555555556
2012-01-14 20:45:00,21065.0912106136
2012-01-14 21:00:00,21073.175787728
2012-01-14 21:15:00,21082.9187396352
2012-01-14 21:30:00,21093.2835820895
2012-01-14 21:45:00,21102.8192371476
2012-01-14 22:00:00,21110.0746268657
2012-01-14 22:15:00,21117.951907131
2012-01-14 22:30:00,21124.5854063018
2012-01-14 22:45:00,21134.328358209
2012-01-14 23:00:00,21142.4129353234
2012-01-14 23:15:00,21149.8756218905
2012-01-14 23:30:00,21156.9237147595
2012-01-14 23:45:00,21164.5936981758
2012-01-15 00:00:00,21173.9220563847
2012-01-15 00:15:00,21183.6650082919
2012-01-15 00:30:00,21193.8225538972
2012-01-15 00:45:00,21205.223880597
2012-01-15 01:00:00,21213.3084577114
2012-01-15 01:15:00,21224.5024875622
2012-01-15 01:30:00,21234.8673300166
2012-01-15 01:45:00,21243.9883913764
2012-01-15 02:00:00,21252.9021558872
2012-01-15 02:15:00,21260.5721393035
2012-01-15 02:30:00,21268.0348258706
2012-01-15 02:45:00,21278.6069651741
2012-01-15 03:00:00,21285.8623548922
2012-01-15 03:15:00,21292.0812603648
2012-01-15 03:30:00,21298.7147595357
2012-01-15 03:45:00,21305.3482587065
2012-01-15 04:00:00,21312.8109452736
2012-01-15 04:15:00,21320.2736318408
2012-01-15 04:30:00,21328.5655058043
2012-01-15 04:45:00,21337.6865671642
2012-01-15 05:00:00,21344.1127694859
2012-01-15 05:15:00,21353.4411276949
2012-01-15 05:30:00,21361.7330016584
2012-01-15 05:45:00,21370.0248756219
2012-01-15 06:00:00,21378.9386401327
2012-01-15 06:15:00,21387.4378109453
2012-01-15 06:30:00,21394.9004975124
2012-01-15 06:45:00,21406.3018242123
2012-01-15 07:00:00,21414.5936981758
2012-01-15 07:15:00,21422.263681592
2012-01-15 07:30:00,21430.1409618574
2012-01-15 07:45:00,21436.35986733
2012-01-15 08:00:00,21445.4809286899
2012-01-15 08:15:00,21453.3582089552
2012-01-15 08:30:00,21462.4792703151
2012-01-15 08:45:00,21471.807628524
2012-01-15 09:00:00,21479.0630182421
2012-01-15 09:15:00,21488.8059701493
2012-01-15 09:30:00,21498.5489220564
2012-01-15 09:45:00,21506.6334991708
2012-01-15 10:00:00,21515.7545605307
2012-01-15 10:15:00,21521.9734660033
2012-01-15 10:30:00,21527.9850746269
2012-01-15 10:45:00,21536.8988391376
2012-01-15 11:00:00,21543.1177446103
2012-01-15 11:15:00,21549.3366500829
2012-01-15 11:30:00,21555.7628524046
2012-01-15 11:45:00,21560.5306799337
2012-01-15 12:00:00,21567.9933665008
2012-01-15 12:15:00,21575.6633499171
2012-01-15 12:30:00,21584.3698175788
2012-01-15 12:45:00,21594.5273631841
2012-01-15 13:00:00,21601.7827529022
2012-01-15 13:15:00,21610.2819237148
2012-01-15 13:30:00,21619.6102819237
2012-01-15 13:45:00,21627.487562189
2012-01-15 14:00:00,21635.3648424544
2012-01-15 14:15:00,21641.3764510779
2012-01-15 14:30:00,21646.7661691542
2012-01-15 14:45:00,21654.2288557214
2012-01-15 15:00:00,21661.2769485904
2012-01-15 15:15:00,21666.4593698176
2012-01-15 15:30:00,21673.9220563847
2012-01-15 15:45:00,21679.1044776119
2012-01-15 16:00:00,21687.1890547264
2012-01-15 16:15:00,21694.0298507463
2012-01-15 16:30:00,21702.1144278607
2012-01-15 16:45:00,21710.1990049751
2012-01-15 17:00:00,21717.039800995
2012-01-15 17:15:00,21725.3316749585
2012-01-15 17:30:00,21733.623548922
2012-01-15 17:45:00,21740.4643449419
2012-01-15 18:00:00,21747.71973466
2012-01-15 18:15:00,21756.0116086235
2012-01-15 18:30:00,21764.5107794361
2012-01-15 18:45:00,21775.0829187396
2012-01-15 19:00:00,21784.2039800995
2012-01-15 19:15:00,21791.2520729685
2012-01-15 19:30:00,21800.3731343284
2012-01-15 19:45:00,21808.6650082919
2012-01-15 20:00:00,21819.8590381426
2012-01-15 20:15:00,nan
2012-01-15 20:30:00,nan
2012-01-15 20:45:00,21848.0514096186
2012-01-15 21:00:00,21856.135986733
2012-01-15 21:15:00,21866.5008291874
2012-01-15 21:30:00,21876.6583747927
2012-01-15 21:45:00,21884.535655058
2012-01-15 22:00:00,21893.2421227197
2012-01-15 22:15:00,21900.0829187396
2012-01-15 22:30:00,21907.7529021559
2012-01-15 22:45:00,21916.6666666667
2012-01-15 23:00:00,21924.543946932
2012-01-15 23:15:00,21931.3847429519
2012-01-15 23:30:00,21938.8474295191
2012-01-15 23:45:00,21945.4809286899
2012-01-16 00:00:00,21954.8092868988
